枠名,song_id,歌唱順,配信日,枠URL,コラボ相手様
【#初配信】初めまして、妃玖です。【妃玖 / RK Music】#妃玖初配信,S0456,1,2026-02-22,https://www.youtube.com/live/FBeA6Zd4aIY?si=5Hba8ojUjGRneshN&t=100,なし
【#初配信】初めまして、妃玖です。【妃玖 / RK Music】#妃玖初配信,S0457,2,2026-02-22,https://www.youtube.com/live/FBeA6Zd4aIY?si=Owat2FZmFWmZQ0Wh&t=310,なし
【#初配信】初めまして、妃玖です。【妃玖 / RK Music】#妃玖初配信,S0458,3,2026-02-22,https://www.youtube.com/live/FBeA6Zd4aIY?si=Owat2FZmFWmZQ0Wh&t=455,なし
【#初配信】初めまして、妃玖です。【妃玖 / RK Music】#妃玖初配信,S0153,4,2026-02-22,https://www.youtube.com/live/FBeA6Zd4aIY?si=O6__UrGeZNel4e00&t=667,なし
【#初配信】初めまして、妃玖です。【妃玖 / RK Music】#妃玖初配信,S0393,5,2026-02-22,https://www.youtube.com/live/FBeA6Zd4aIY?si=O6__UrGeZNel4e00&t=903,なし
【#初配信】初めまして、妃玖です。【妃玖 / RK Music】#妃玖初配信,S0458,6,2026-02-22,https://www.youtube.com/live/FBeA6Zd4aIY?si=O6__UrGeZNel4e00&t=1435,なし
【自己紹介/雑談/歌】色々話そう。,S0065,1,2026-02-23,https://www.youtube.com/live/fDVXhtnfDSc?si=iZ0oOfIuq-32zc2o&t=6227,なし
【自己紹介/雑談/歌】色々話そう。,S0177,2,2026-02-23,https://www.youtube.com/live/fDVXhtnfDSc?si=iZ0oOfIuq-32zc2o&t=7162,なし
【自己紹介/雑談/歌】色々話そう。,S0123,3,2026-02-23,https://www.youtube.com/live/fDVXhtnfDSc?si=iZ0oOfIuq-32zc2o&t=8409,なし
【歌/雑談】急に寒いね、外が。,S0115,1,2026-02-25,https://www.youtube.com/live/V_wtPmGOF7I?si=Yl-alpJSEMwHm7mO&t=665,なし
【歌/雑談】急に寒いね、外が。,S0034,2,2026-02-25,https://www.youtube.com/live/V_wtPmGOF7I?si=Yl-alpJSEMwHm7mO&t=2479,なし
【歌/雑談】急に寒いね、外が。,S0459,3,2026-02-25,https://www.youtube.com/live/V_wtPmGOF7I?si=Yl-alpJSEMwHm7mO&t=4693,なし
【歌/雑談】急に寒いね、外が。,S0262,4,2026-02-25,https://www.youtube.com/live/V_wtPmGOF7I?si=Yl-alpJSEMwHm7mO&t=6242,なし
【歌/雑談】急に寒いね、外が。,S0460,5,2026-02-25,https://www.youtube.com/live/V_wtPmGOF7I?si=Yl-alpJSEMwHm7mO&t=7785,なし
【歌/雑談】急に寒いね、外が。,S0116,6,2026-02-25,https://www.youtube.com/live/V_wtPmGOF7I?si=Yl-alpJSEMwHm7mO&t=9194,なし
【歌/雑談】急に寒いね、外が。,S0043,7,2026-02-25,https://www.youtube.com/live/V_wtPmGOF7I?si=Yl-alpJSEMwHm7mO&t=9674,なし
【歌/雑談】急に寒いね、外が。,S0191,8,2026-02-25,https://www.youtube.com/live/V_wtPmGOF7I?si=Yl-alpJSEMwHm7mO&t=10129,なし
【歌/雑談】急に寒いね、外が。,S0139,9,2026-02-25,https://www.youtube.com/live/V_wtPmGOF7I?si=Yl-alpJSEMwHm7mO&t=10667,なし
【歌/雑談】今日もおつかれ！,S0461,1,2026-02-27,https://www.youtube.com/live/yGJRsAs3Ee0?si=RgLjhprIsIzAY1WE&t=490,なし
【歌/雑談】今日もおつかれ！,S0387,2,2026-02-27,https://www.youtube.com/live/yGJRsAs3Ee0?si=RgLjhprIsIzAY1WE&t=1160,なし
【歌/雑談】今日もおつかれ！,S0462,3,2026-02-27,https://www.youtube.com/live/yGJRsAs3Ee0?si=RgLjhprIsIzAY1WE&t=2088,なし
【歌/雑談】今日もおつかれ！,S0051,4,2026-02-27,https://www.youtube.com/live/yGJRsAs3Ee0?si=RgLjhprIsIzAY1WE&t=2951,なし
【歌/雑談】今日もおつかれ！,S0463,5,2026-02-27,https://www.youtube.com/live/yGJRsAs3Ee0?si=RgLjhprIsIzAY1WE&t=3458,なし
【歌/雑談】今日もおつかれ！,S0464,6,2026-02-27,https://www.youtube.com/live/yGJRsAs3Ee0?si=RgLjhprIsIzAY1WE&t=4205,なし
【歌/雑談】今日もおつかれ！,S0095,7,2026-02-27,https://www.youtube.com/live/yGJRsAs3Ee0?si=RgLjhprIsIzAY1WE&t=4638,なし
【歌/雑談】今日もおつかれ！,S0076,8,2026-02-27,https://www.youtube.com/live/yGJRsAs3Ee0?si=RgLjhprIsIzAY1WE&t=6690,なし
【歌/雑談】今日もおつかれ！,S0207,9,2026-02-27,https://www.youtube.com/live/yGJRsAs3Ee0?si=RgLjhprIsIzAY1WE&t=8207,なし
【歌/雑談】やぁ。,S0465,1,2026-03-04,https://www.youtube.com/live/6LWMbxPC0l0?si=xq7VZwWDsu3qtLhl&t=3023,なし
【歌/雑談】やぁ。,S0466,2,2026-03-04,https://www.youtube.com/live/6LWMbxPC0l0?si=xq7VZwWDsu3qtLhl&t=3509,なし
【歌/雑談】やぁ。,S0249,3,2026-03-04,https://www.youtube.com/live/6LWMbxPC0l0?si=xq7VZwWDsu3qtLhl&t=5656,なし
【歌/雑談】やぁ。,S0467,4,2026-03-04,https://www.youtube.com/live/6LWMbxPC0l0?si=xq7VZwWDsu3qtLhl&t=8186,なし
【歌/雑談】やぁ。,S0468,5,2026-03-04,https://www.youtube.com/live/6LWMbxPC0l0?si=xq7VZwWDsu3qtLhl&t=10885,なし
【雑談】歌も少し！いよいよ明日！,S0010,1,2026-03-07,https://www.youtube.com/live/-0pd-iRooQg?si=ZmJmFMJspk0VWsWr&t=122,なし
【雑談】歌も少し！いよいよ明日！,S0469,2,2026-03-07,https://www.youtube.com/live/-0pd-iRooQg?si=ZmJmFMJspk0VWsWr&t=2274,なし
【雑談】歌も少し！いよいよ明日！,S0323,3,2026-03-07,https://www.youtube.com/live/-0pd-iRooQg?si=ZmJmFMJspk0VWsWr&t=3473,なし
【雑談】歌も少し！いよいよ明日！,S0458,4,2026-03-07,https://www.youtube.com/live/-0pd-iRooQg?si=ZmJmFMJspk0VWsWr&t=4020,なし
【祝！収益化記念配信】ありがとうすぎ！ライブ振り返りも！#妃玖ノ記録【妃玖/RKmusic/Fused】,S0470,1,2026-03-11,https://www.youtube.com/live/UYZvCpQVWvY?si=jabGvYmi6YuUWVkR&t=120,なし
【祝！収益化記念配信】ありがとうすぎ！ライブ振り返りも！#妃玖ノ記録【妃玖/RKmusic/Fused】,S0107,2,2026-03-11,https://www.youtube.com/live/UYZvCpQVWvY?si=jabGvYmi6YuUWVkR&t=873,なし
【祝！収益化記念配信】ありがとうすぎ！ライブ振り返りも！#妃玖ノ記録【妃玖/RKmusic/Fused】,S0250,3,2026-03-11,https://www.youtube.com/live/UYZvCpQVWvY?si=jabGvYmi6YuUWVkR&t=3100,なし
【祝！収益化記念配信】ありがとうすぎ！ライブ振り返りも！#妃玖ノ記録【妃玖/RKmusic/Fused】,S0471,4,2026-03-11,https://www.youtube.com/live/UYZvCpQVWvY?si=jabGvYmi6YuUWVkR&t=3318,なし
【祝！収益化記念配信】ありがとうすぎ！ライブ振り返りも！#妃玖ノ記録【妃玖/RKmusic/Fused】,S0472,5,2026-03-11,https://www.youtube.com/live/UYZvCpQVWvY?si=jabGvYmi6YuUWVkR&t=4685,なし
【祝！収益化記念配信】ありがとうすぎ！ライブ振り返りも！#妃玖ノ記録【妃玖/RKmusic/Fused】,S0109,6,2026-03-11,https://www.youtube.com/live/UYZvCpQVWvY?si=jabGvYmi6YuUWVkR&t=4895,なし
【祝！収益化記念配信】ありがとうすぎ！ライブ振り返りも！#妃玖ノ記録【妃玖/RKmusic/Fused】,S0473,7,2026-03-11,https://www.youtube.com/live/UYZvCpQVWvY?si=jabGvYmi6YuUWVkR&t=5881,なし
【祝！収益化記念配信】ありがとうすぎ！ライブ振り返りも！#妃玖ノ記録【妃玖/RKmusic/Fused】,S0474,8,2026-03-11,https://www.youtube.com/live/UYZvCpQVWvY?si=jabGvYmi6YuUWVkR&t=6460,なし
【祝！収益化記念配信】ありがとうすぎ！ライブ振り返りも！#妃玖ノ記録【妃玖/RKmusic/Fused】,S0455,9,2026-03-11,https://www.youtube.com/live/UYZvCpQVWvY?si=jabGvYmi6YuUWVkR&t=8383,なし
【祝！収益化記念配信】ありがとうすぎ！ライブ振り返りも！#妃玖ノ記録【妃玖/RKmusic/Fused】,S0475,10,2026-03-11,https://www.youtube.com/live/UYZvCpQVWvY?si=jabGvYmi6YuUWVkR&t=9633,なし
【ｹﾞﾘﾗ歌枠】歌を、歌うし。おしゃべりも、する。【妃玖/RKmusic/Fused】,S0023,1,2026-03-16,https://www.youtube.com/live/qlYqFWBex84?si=rkJd2ec0E72XXYrB&t=954,なし
【ｹﾞﾘﾗ歌枠】歌を、歌うし。おしゃべりも、する。【妃玖/RKmusic/Fused】,S0160,2,2026-03-16,https://www.youtube.com/live/qlYqFWBex84?si=c9z_ATrd2a78HEe6&t=5118,なし
【ｹﾞﾘﾗ歌枠】歌を、歌うし。おしゃべりも、する。【妃玖/RKmusic/Fused】,S0219,3,2026-03-16,https://www.youtube.com/live/qlYqFWBex84?si=vzwcIV9WTP4RwwOe&t=6037,なし
【ｹﾞﾘﾗ歌枠】歌を、歌うし。おしゃべりも、する。【妃玖/RKmusic/Fused】,S0413,4,2026-03-16,https://www.youtube.com/live/qlYqFWBex84?si=otdGSf9AKJUwGTzE&t=6600,なし
【ｹﾞﾘﾗ歌枠】歌を、歌うし。おしゃべりも、する。【妃玖/RKmusic/Fused】,S0476,5,2026-03-16,https://www.youtube.com/live/qlYqFWBex84?si=hgmLaIL91OJmiJDh&t=7055,なし
【祝！メンシ解禁記念】メンシ解禁じゃー！🐍 #妃玖ノ記録【妃玖/RKmusic/Fused】,S0272,1,2026-03-19,https://www.youtube.com/live/qaKaid9bZ18?t=1680,なし
【祝！メンシ解禁記念】メンシ解禁じゃー！🐍 #妃玖ノ記録【妃玖/RKmusic/Fused】,S0477,2,2026-03-19,https://www.youtube.com/live/qaKaid9bZ18?t=2970,なし
【祝！メンシ解禁記念】メンシ解禁じゃー！🐍 #妃玖ノ記録【妃玖/RKmusic/Fused】,S0478,3,2026-03-19,https://www.youtube.com/live/qaKaid9bZ18?t=3763,なし
【祝！メンシ解禁記念】メンシ解禁じゃー！🐍 #妃玖ノ記録【妃玖/RKmusic/Fused】,S0010,4,2026-03-19,https://www.youtube.com/live/qaKaid9bZ18?t=5123,なし
【祝！メンシ解禁記念】メンシ解禁じゃー！🐍 #妃玖ノ記録【妃玖/RKmusic/Fused】,S0209,5,2026-03-19,https://www.youtube.com/live/qaKaid9bZ18?t=6233,なし
【祝！メンシ解禁記念】メンシ解禁じゃー！🐍 #妃玖ノ記録【妃玖/RKmusic/Fused】,S0479,6,2026-03-19,https://www.youtube.com/live/qaKaid9bZ18?t=8414,なし
【祝！メンシ解禁記念】メンシ解禁じゃー！🐍 #妃玖ノ記録【妃玖/RKmusic/Fused】,S0009,7,2026-03-19,https://www.youtube.com/live/qaKaid9bZ18?t=8808,なし
【祝！メンシ解禁記念】メンシ解禁じゃー！🐍 #妃玖ノ記録【妃玖/RKmusic/Fused】,S0263,8,2026-03-19,https://www.youtube.com/live/qaKaid9bZ18?t=9109,なし
【祝！メンシ解禁記念】メンシ解禁じゃー！🐍 #妃玖ノ記録【妃玖/RKmusic/Fused】,S0480,9,2026-03-19,https://www.youtube.com/live/qaKaid9bZ18?t=9356,なし
【ﾏﾀｰﾘ歌雑】ゆっくりまたーりネ #妃玖ノ記録【妃玖/RKmusic/Fused】,S0482,1,2026-03-25,https://www.youtube.com/live/hW3Zv9iHbes?t=158,なし
【ﾏﾀｰﾘ歌雑】ゆっくりまたーりネ #妃玖ノ記録【妃玖/RKmusic/Fused】,S0483,2,2026-03-25,https://www.youtube.com/live/hW3Zv9iHbes?t=1437,なし
【ﾏﾀｰﾘ歌雑】ゆっくりまたーりネ #妃玖ノ記録【妃玖/RKmusic/Fused】,S0481,3,2026-03-25,https://www.youtube.com/live/hW3Zv9iHbes?t=2133,なし
【ﾏﾀｰﾘ歌雑】ゆっくりまたーりネ #妃玖ノ記録【妃玖/RKmusic/Fused】,S0419,4,2026-03-25,https://www.youtube.com/live/hW3Zv9iHbes?t=4315,なし
【ﾏﾀｰﾘ歌雑】ゆっくりまたーりネ #妃玖ノ記録【妃玖/RKmusic/Fused】,S0399,5,2026-03-25,https://www.youtube.com/live/hW3Zv9iHbes?t=4611,なし
【ﾏﾀｰﾘ歌雑】ゆっくりまたーりネ #妃玖ノ記録【妃玖/RKmusic/Fused】,S0484,6,2026-03-25,https://www.youtube.com/live/hW3Zv9iHbes?t=4972,なし
【ﾏﾀｰﾘ歌雑】ゆっくりまたーりネ #妃玖ノ記録【妃玖/RKmusic/Fused】,S0334,7,2026-03-25,https://www.youtube.com/live/hW3Zv9iHbes?t=6302,なし
【ﾏﾀｰﾘ歌雑】ゆっくりまたーりネ #妃玖ノ記録【妃玖/RKmusic/Fused】,S0485,8,2026-03-25,https://www.youtube.com/live/hW3Zv9iHbes?t=6600,なし
【ﾏﾀｰﾘ歌雑】ゆっくりまたーりネ #妃玖ノ記録【妃玖/RKmusic/Fused】,S0486,9,2026-03-25,https://www.youtube.com/live/hW3Zv9iHbes?t=6884,なし
【ﾏﾀｰﾘ歌雑】ゆっくりまたーりネ #妃玖ノ記録【妃玖/RKmusic/Fused】,S0026,10,2026-03-25,https://www.youtube.com/live/hW3Zv9iHbes?t=8765,なし
